{"loss": 0.9943646788597107, "_timestamp": 1688758394.9679394, "_runtime": 24.090521335601807, "_step": 9, "_wandb": {"runtime": 20}}