{"loss": 0.9910268187522888, "_timestamp": 1688758180.9514349, "_runtime": 47.47471594810486, "_step": 9, "_wandb": {"runtime": 39}}