{"loss": 0.9784504175186157, "_timestamp": 1688758101.20235, "_runtime": 281.98481488227844, "_step": 9, "_wandb": {"runtime": 103}}