{"loss": 0.998259425163269, "_timestamp": 1688758305.4482677, "_runtime": 38.48392677307129, "_step": 9, "_wandb": {"runtime": 26}}